residue_1,residue_2,distance,chain_1,chain_2,interaction
N:ALA:369:,H:SER:58:,4.15,N,H,Contact
N:ALA:369:,H:TYR:100:A,3.21,N,H,Contact
N:ASN:329:,H:ASP:100:B,3.98,N,H,Contact
N:ASN:329:,H:TYR:100:A,3.4,N,H,Contact
N:ASN:400:,H:ASN:54:,2.96,N,H,Contact
N:ASN:400:,H:TYR:52:,3.13,N,H,Contact
N:ASN:400:,H:TYR:99:,2.87,N,H,Contact
N:ASP:402:,H:ASN:54:,3.68,N,H,Contact
N:ILE:366:,H:TYR:99:,3.44,N,H,Contact
N:ILE:368:,H:TYR:100:A,3.61,N,H,Contact
N:LYS:432:,H:ASP:56:,3.07,N,H,Contact
N:LYS:432:,H:THR:57:,3.47,N,H,Contact
N:SER:367:,H:TYR:100:A,4.44,N,H,Contact
N:SER:370:,H:ASP:56:,2.69,N,H,Contact
N:SER:372:,H:ASN:54:,3.66,N,H,Contact
N:THR:401:,H:ASN:54:,2.49,N,H,Contact
N:THR:401:,H:TYR:52:,3.78,N,H,Contact
N:TRP:403:,H:ASN:54:,3.55,N,H,Contact
N:TRP:403:,H:ASP:56:,3.68,N,H,Contact
N:ALA:369:,L:LEU:94:,4.14,N,L,Contact
N:ASN:329:,L:ASP:91:,2.73,N,L,Contact
N:ASN:329:,L:PHE:92:,2.74,N,L,Contact
N:ASN:329:,L:TYR:32:,3.14,N,L,Contact
N:ASN:344:,L:LEU:94:,3.17,N,L,Contact
N:ASN:344:,L:THR:93:,3.02,N,L,Contact
N:ASP:330:,L:TYR:32:,2.64,N,L,Contact
N:GLY:343:,L:PHE:92:,4.42,N,L,Contact
N:GLY:343:,L:THR:93:,3.26,N,L,Contact
N:ILE:368:,L:LEU:94:,3.96,N,L,Contact
N:PRO:328:,L:PHE:92:,3.37,N,L,Contact
N:PRO:328:,L:THR:93:,3.86,N,L,Contact
N:PRO:331:,L:SER:30:,3.42,N,L,Contact
N:PRO:342:,L:PHE:92:,3.61,N,L,Contact
N:THR:332:,L:SER:30:,3.75,N,L,Contact
N:TYR:341:,L:PHE:92:,3.79,N,L,Contact
